Price,Close,High,Low,Open,Volume,EMA_20,EMA_30
Ticker,GOOG,GOOG,GOOG,GOOG,GOOG,,
Date,,,,,,,
2024-01-02,138.42355346679688,139.46997041859981,136.61838168845557,138.46323622012164,20071900,138.42355346679688,138.42355346679688
2024-01-03,139.21702575683594,139.94107700762862,137.30273419820398,137.47136317829077,18974300,138.4991222563244,138.47474522744457
2024-01-04,136.91592407226562,139.48979401852648,136.88616957510365,138.71119783007381,18253300,138.34834147689023,138.37417612065883
2024-01-05,136.27120971679688,137.67964460388802,135.7356136860292,137.22538155990568,15439500,138.1505194045004,138.23850086879676
2024-01-08,139.38563537597656,139.49474022973578,136.75722090068695,136.87623887404837,17645300,138.26814949702194,138.31250954667934
2024-01-09,141.3991241455078,141.63717526156202,138.65167616070894,138.91948177445292,19579700,138.5663375587825,138.5116459724102
2024-01-10,142.62904357910156,143.34813084330514,141.29995879456197,141.35946779468506,16641900,138.95326194167004,138.77728452768062
2024-01-11,142.50009155273438,145.46574939326712,141.05693782003317,143.71512241602125,17471100,139.29105523796187,139.01746562607119
2024-01-12,143.06544494628906,143.56137339712745,142.19260602976223,143.16462155573558,13998700,139.65052092446922,139.2786255822143
2024-01-16,142.90676879882812,144.65243179771213,141.89110509845526,142.2620526210847,19198900,139.96063976964626,139.51269933812486
2024-01-17,141.7264404296875,142.24221028663283,139.36581602149167,141.74628180656052,17884500,140.12881126107877,139.65552134403214
2024-01-18,143.80934143066406,144.3994975135521,142.18269667422152,142.2719601654477,18876800,140.4793379438964,139.92350973671807
2024-01-19,146.76504516601562,146.83446726886962,144.61271782501353,145.1135951945259,27181000,141.07797672695537,140.3648991192534
2024-01-22,146.50718688964844,148.79340974105023,146.37824065176983,147.49904377293632,21829200,141.59504436149757,140.7611757496015
2024-01-23,147.46929931640625,147.64784145583428,145.99144199413212,146.51712502124857,14113600,142.15449721434604,141.19395791520182
2024-01-24,149.1256866455078,150.33575323918956,148.61982995507057,149.06616252022388,19245000,142.81842001731383,141.7056823494151
2024-01-25,152.388916015625,153.4997910646293,149.98862377929075,150.5043936811302,21495100,143.7298958266768,142.39492323110608
2024-01-26,152.5376739501953,152.8550754393321,151.5557452540674,151.62516737073108,19494500,144.56873183844047,143.0492942452409
2024-01-29,153.5791473388672,153.9362164946854,151.67478355268278,152.38892186431917,20909300,145.42686664800493,143.72863960612003
2024-01-30,151.8037109375,153.77749660417098,151.53094119245023,152.75588514490505,26578900,146.03418515176637,144.24961195008004
2024-01-31,140.64529418945312,144.40442472000493,140.39732999487882,144.20605639125216,43908600,145.52095744106987,144.01707532036218
2024-02-01,141.54791259765625,143.44234787799212,141.10156486062297,142.5199281751336,25526900,145.14257221788762,143.85777449954244
2024-02-02,142.3711395263672,142.70838239062573,137.0448725635355,139.74272467038818,42136100,144.87862624726662,143.76186256578922
2024-02-05,143.7498321533203,145.47566883467402,142.73814887916484,142.86708000163335,29254400,144.77112204784316,143.76108641014605
2024-02-06,144.2259063720703,145.54507778207943,143.3431543920834,144.77143065959805,21517700,144.71919674538861,143.79107479478634
2024-02-07,145.4855499267578,145.80295137118972,144.02753433681707,144.93011253353583,21436100,144.79218276266187,143.90039577104258
2024-02-08,146.02114868164062,146.40797220011234,145.2276602724715,145.77318449968357,18241300,144.90922713589794,144.03721853946826
2024-02-09,148.9967498779297,149.4678879755258,146.22946055595543,146.74523039944975,21877700,145.29851501609141,144.35718830323998
2024-02-12,147.51889038085938,149.36374504386518,147.35027650356503,148.32229214571822,17236100,145.50997933654548,144.56116908244124
2024-02-13,145.1781005859375,146.83449991802306,143.92836624588574,144.8805556010702,18138500,145.47837183648758,144.60097111492487
2024-02-14,145.9418182373047,146.62620189439806,144.36971845002967,146.1699410781576,16651800,145.52250958894638,144.68747738088487
2024-02-15,142.7678985595703,143.5812134270935,140.72467556742123,143.28366843564396,26724300,145.26016568138675,144.56363358596138
2024-02-16,140.6056365966797,143.30348872704405,140.36760061340618,143.03569824586134,21865100,144.81687719712895,144.3082789414916
2024-02-20,141.04205322265625,142.16185752363302,139.65345956655923,139.79231893216894,18625600,144.4573701519411,144.09755470156676
2024-02-21,142.668701171875,142.8075605405799,140.75442450797598,141.4784758494705,16440800,144.28702072526812,144.00537060287698
2024-02-22,144.1366424560547,145.00946617894317,142.8372972898335,144.93011581603798,23024700,144.27269898534303,144.0138397546949
2024-02-23,144.1068878173828,144.76648115628487,143.61095934853918,143.7895014672815,14519400,144.25690744553728,144.0198428555135
2024-02-26,137.62013244628906,142.6686799790576,137.61021932661703,142.28185642837371,33513000,143.62483363608507,143.6069583129829
2024-02-27,138.95916748046875,139.3459910931915,137.37219027545763,138.2747837499894,22364000,143.18048447840732,143.3071008399175
2024-02-28,136.31088256835938,138.1458238342153,135.52732229916919,137.96729686194465,30628700,142.52623667745038,142.85573191917183
2024-02-29,138.64175415039062,138.81036800466705,136.44975891026198,137.22340606966443,35485000,142.15628596058755,142.5838623857021
2024-03-01,136.95558166503906,138.8599448062378,136.8514409441036,138.47312127965887,28551500,141.66098078958294,142.22074750049805
2024-03-04,133.107177734375,135.51739759576247,131.7780932726234,135.4281189827233,43571500,140.84633287956314,141.63277525752238
2024-03-05,132.6905975341797,132.92864860750913,130.47876117384314,131.65907315215185,28447600,140.0695961800028,141.05586056569382
2024-03-06,131.4805450439453,133.6428009033024,130.87551174428256,133.14687246536687,23175200,139.2515913099021,140.4380982739681
2024-03-07,134.1387481689453,134.71402705384082,131.57975525387363,132.7997351447616,24107300,138.76465386790622,140.0316885897731
2024-03-08,135.18016052246094,137.8532219403469,133.70230353382019,133.93539049394283,26495200,138.4232735492924,139.7186867789788
2024-03-11,137.80859375,138.84011821921717,135.95382627561727,135.95382627561727,22536400,138.36473261602646,139.59545497065758
2024-03-12,138.48304748535156,139.1376766335884,137.08454083988926,137.124208454388,19019700,138.37600069881933,139.52368674579913
2024-03-13,139.6237030029297,141.032138014566,138.86988205688806,138.91947792984377,19637000,138.49482948968696,139.53013940754948
2024-03-14,143.1646270751953,143.55145067638114,140.332879749405,141.14124557696232,36117900,138.93957211687822,139.76462248288146
2024-03-15,141.01229858398438,143.1646263160449,139.98077403113723,142.2422066313914,41039500,139.136974637555,139.84511771521068
2024-03-18,147.27088928222656,151.6846488911196,146.933661612004,148.15364120400517,47676700,139.91163317514275,140.32419975179235
2024-03-19,146.71546936035156,148.401623046533,145.8128759581158,147.7668352422811,17748400,140.55961757373407,140.73653972653813
2024-03-20,148.4611358642578,148.54048623365105,146.46254478468063,147.57838381474437,17730000,141.31214312521251,141.23490076768132
2024-03-21,147.52879333496094,150.07289344250427,146.8047269375101,149.09592897429127,19843900,141.90420504995046,141.6409583526671
2024-03-22,150.5341339111328,151.31769424437311,148.8678063610567,149.01659398464594,19252900,142.72610303672974,142.2147116145036
2024-03-25,149.919189453125,150.22269747313,147.58833442904242,149.72082106685764,15114700,143.41115888591023,142.7117747008663
2024-03-26,150.46470642089844,151.952491946091,149.8001640357902,150.00846066851344,19312700,144.08292531781387,143.21196384409419
2024-03-27,150.70274353027344,151.4466362236495,148.90748491845153,150.9060760159405,16622000,144.71338419519097,143.69523995287994
2024-03-28,151.02012634277344,151.4267913045929,150.0977066891458,150.76224899686937,21105600,145.31402630448454,144.16781326835695
2024-04-01,155.22560119628906,155.72152963461588,150.41508929070514,150.5936313984609,24469800,146.25798581798972,144.88121894112678
2024-04-02,154.60072326660156,154.71975638077805,152.21035974643002,153.48984843118458,17598100,147.05253224166705,145.5082837363187
2024-04-03,155.09666442871094,155.27520654736762,152.8768971996479,153.6584748966614,17266200,147.81864006900457,146.1268889422795
2024-04-04,150.70274353027344,154.90820720405674,150.64323453632903,153.8171736678265,24184800,148.0933165891254,146.42210536731136
2024-04-05,152.68646240234375,153.57912760994762,149.85073464441209,150.44485599312353,16297300,148.53075904752714,146.82625743408764
2024-04-08,154.86856079101562,155.37936657169243,152.73607416516978,152.7608645378624,16641500,149.13435921357367,147.34511571517976
2024-04-09,156.85226440429688,158.58801414355915,155.36447891350062,156.06870403834031,21521500,149.86939780316638,147.95848014673572
2024-04-10,156.37615966796875,156.87208810903078,154.92804196087224,156.59436939279885,16339200,150.48908940933805,148.5015562448798
2024-04-11,159.4806671142578,159.80798171319478,156.6439557246729,157.05062069315844,17841700,151.34543014313994,149.20988597838806
2024-04-12,157.89369201660156,160.38324722451475,157.3085001161233,158.1069376038808,16989800,151.96907413108866,149.77013152924053
2024-04-15,155.0570068359375,159.52036334197643,154.8784647057368,158.97483896433098,21140900,152.2631629601219,150.11122025870486
2024-04-16,154.7296905517578,155.94967041266872,153.78742943748455,154.37262142971844,15413200,152.49807034980148,150.40918608406315
2024-04-17,155.60252380371094,157.3888530928576,154.86358008141502,155.90999703795904,16237800,152.79373258350714,150.74424013049205
2024-04-18,156.1777801513672,157.19442732903767,154.93795913736227,155.64713312508496,14016100,153.11602282806524,151.0947910995808
2024-04-19,154.45196533203125,156.70348484426643,152.6567066755998,156.46543372803805,21479900,153.24325544749058,151.31138298554532
2024-04-22,156.66380310058594,157.8887470460589,154.39245733159595,154.73959818531318,17243900,153.56902189064252,151.65670041232212
2024-04-23,158.61776733398438,159.17320482443998,156.67868511083336,157.29859572688406,16115400,154.0498547900084,152.10580150404226
2024-04-24,159.7881622314453,160.07579409050834,157.52672957451733,157.79452005672,19485700,154.59636026062145,152.60143768000376
2024-04-25,156.66380310058594,156.99111771205838,151.5240087112432,152.11118330694745,36197800,154.7932595787133,152.86352577165422
2024-04-26,172.27560424804688,174.98336898375777,170.00424377672272,174.55687783860714,56500800,156.4582447853165,154.1159179314215
2024-04-29,166.53277587890625,169.9844489623467,165.6996196730562,169.37941561736457,35914600,157.41772393708695,154.91700554093666
2024-04-30,163.29934692382812,168.4867551471498,163.16048753981406,166.01704073614675,29420800,157.97787850725277,155.45780175918773
2024-05-01,164.22174072265625,167.435347128867,163.55718333579432,164.82675885285875,25223200,158.5725320515769,156.0232171761857
2024-05-02,167.0882110595703,167.15763316888362,164.34076335645463,165.3127788285818,17041100,159.38354909995724,156.7370877493073
2024-05-03,167.61390686035156,168.4669044194832,163.63655091315763,168.15941606035406,22767100,160.16739269618526,157.438818014536
2024-05-06,168.4470672607422,168.51648937712937,166.52286236048758,167.84203391720374,15147900,160.95593313090495,158.1490276433235
2024-05-07,171.57142639160156,172.05744178921032,168.6156966526549,168.73471465429893,21102400,161.96693248906655,159.01498885288984
2024-05-08,169.76625061035156,170.50914449343335,169.13344534939293,169.35958560121642,14569900,162.7097246910937,159.70861864369385
2024-05-09,170.1828155517578,171.03581312539094,168.54624252032085,169.75630919767335,11937700,163.42144763020457,160.38437328292378
2024-05-10,168.9033203125,169.9447731797989,166.542710965764,168.3082151987125,18740500,163.94353074280414,160.9339827687029
2024-05-13,169.5083465576172,169.55794243198238,164.4102024443166,164.49649956840275,19648600,164.47351320135778,161.48716752927803
2024-05-14,170.5299530029297,171.37303743880275,169.0322545020579,170.19272528239466,18729500,165.05031699198366,162.07057304370716
2024-05-15,172.46405029296875,172.62869887074024,170.62910931804728,170.89691486852678,20958200,165.75638683017272,162.74111996301437
2024-05-16,174.00146484375,174.90405833876795,172.632712486261,173.17823685877386,17247300,166.5416323552753,163.46759382628764
2024-05-17,175.8463134765625,176.0496459691569,173.55512632443157,174.12049205523587,16546400,167.4277924620646,164.26622090049892
2024-05-20,177.00680541992188,178.48466265163466,175.78186142963906,175.86616079860352,17495100,168.34007941043194,165.08819409530042
2024-05-21,178.07797241210938,178.35570625422778,175.86613587151786,176.94725620707922,14706000,169.2674977915441,165.9262443092881
2024-05-22,176.55052185058594,177.39558886312173,175.3404552653416,176.9472585425037,16189400,169.96111913050046,166.611681570017
2024-05-23,173.63446044921875,178.4449723006055,173.11869064149997,177.3241691995632,14928400,170.3109611608546,167.0647640783526
2024-05-24,174.89413452148438,175.8602022040112,173.77333134600494,175.08258975996702,11403600,170.74745386186694,167.56988475210306
2024-05-28,176.5703887939453,177.05638904174003,174.24943189308095,174.30895602656926,15655300,171.30201909349344,168.15056243222193
2024-05-29,175.9553985595703,176.77864155851663,174.82468235965712,175.3702066522763,15023800,171.74519809026268,168.65410024688958
2024-05-30,172.1466827392578,175.2511997081057,171.8193681430775,175.2511997081057,18826300,171.7834347235003,168.879428149623
2024-05-31,172.54342651367188,172.9996721952252,169.57776904543667,171.987973957489,28085200,171.85581489399283,169.115815140852
2024-06-03,172.9996795654297,174.42795593025005,171.04572025168727,172.4640834958897,20742800,171.96475438651063,169.36638703921187
2024-06-04,173.7039031982422,173.76341219053094,171.80945289286282,173.02943263838765,14066600,172.13038760667553,169.64622679140737
2024-06-05,175.6281280517578,176.52079330707764,173.8626086499177,175.09748091903896,15233900,172.46350574430244,170.03215590497837
2024-06-06,176.897705078125,177.254774209712,175.76698868385571,175.98518330387392,14255800,172.88581044276174,170.4750945613104
2024-06-07,174.51722717285156,177.95897199710214,174.35852642870182,177.00679780127567,14716300,173.04118346467507,170.7358773104421
2024-06-10,175.39105224609375,177.21814212272997,173.15683463501722,175.2123069582935,17099800,173.26498049147685,171.03621117725834
2024-06-11,176.9401092529297,177.1387033456811,174.20939881026297,176.4734048014969,14402400,173.61499275447235,171.41710782730166
2024-06-12,178.30050659179688,180.80283475231414,176.5329932904122,178.48917629561194,18600400,174.06123216755086,171.86119807017235
2024-06-13,175.5002899169922,177.2578636150496,175.42084924647273,176.59256504517768,15956900,174.19828528654529,172.09597818932204
2024-06-14,177.1188201904297,177.4762955793336,174.61849249994808,174.61849249994808,12361600,174.47643146786763,172.42003251197417
2024-06-17,177.52598571777344,178.6579888319184,175.25205508692207,175.73860839234462,15272900,174.76686520595388,172.74944884783218
2024-06-18,175.2123260498047,177.65507757085592,174.38814608970333,177.53590898208495,15640300,174.8092900482254,172.90834415118525
2024-06-20,176.46347045898438,177.48624437320683,175.22223850951465,175.4704848994086,16753200,174.96683103972623,173.1377071387852
2024-06-21,178.99557495117188,181.2317773833446,176.81100970851344,177.2380013862429,58903200,175.3505209360544,173.51563409442306
2024-06-24,179.52186584472656,180.8028257957206,178.96579631477127,180.0084342593166,18198300,175.74779187973746,173.9031329170233
2024-06-25,184.2782745361328,184.4470802745661,179.8346577931755,179.8743857032529,18797000,176.56021879939416,174.57249689244972
2024-06-26,184.06973266601562,184.6258021681959,182.6994228647164,182.90794135215523,13375700,177.27541059621527,175.18522178106687
2024-06-27,185.54928588867188,186.1847960531296,184.14917258593053,184.3428120466694,13025700,178.06339871930638,175.8538710783317
2024-06-28,182.13340759277344,185.27124556426605,182.03907275347092,184.41727738599292,23032400,178.45101861201752,176.25900246636022
2024-07-01,183.1959228515625,184.03995153918066,181.44825845977311,183.18598329821762,11815900,178.90291425387895,176.70654571701843
2024-07-02,185.30104064941406,185.63865211194053,181.77593879180856,182.1830665181386,12555500,179.5122596248823,177.26102926104394
2024-07-03,186.07557678222656,186.30395923485835,184.0846357435602,184.99322608088642,7409100,180.13733744939128,177.82970974628154
2024-07-05,190.61351013183594,190.9113936711906,186.00605785148252,186.00605785148252,14303400,181.13506818105267,178.6544710614786
2024-07-08,189.1438751220703,190.33446983589806,187.99202344933875,190.02267699284852,12097600,181.89781169924484,179.33120680732324
2024-07-09,189.1041717529297,191.50719498079806,188.895638119348,190.40498040731126,10198500,182.58413170435767,179.96172067478173
2024-07-10,191.30860900878906,191.95404358699406,189.2829099032315,189.41200287957565,12052900,183.4150343047797,180.6937779866532
2024-07-11,185.98622131347656,191.06037875578167,185.50959242849498,189.99787680294295,16452000,183.65990925798894,181.03522594322246
2024-07-12,185.4698486328125,187.36645475988573,184.83433845667503,185.60886601035014,14449100,183.83228443654357,181.32133063287344
2024-07-15,186.86996459960938,188.5679615098096,185.18189209088845,185.18189209088845,12186000,184.12158730921652,181.67930701782416
2024-07-16,184.19883728027344,189.00488416911568,183.82149788633873,187.6345742812237,12760100,184.1289444493172,181.841857357337
2024-07-17,181.33901977539062,183.93071271673918,180.34603420631848,183.38456762339803,17376600,183.86323733751468,181.80941622301788
2024-07-18,177.96286010742188,182.75898182555565,176.9599502206623,182.25254953030324,17877200,183.30129664893443,181.56125131233426
2024-07-19,178.1316680908203,180.69357249690094,177.6053869883984,179.10478963751945,14485900,182.8089510719712,181.33998787868822
2024-07-22,182.06390380859375,183.00723703600346,180.6240626621845,181.07091827410838,16303900,182.73799418974477,181.38669213223054
2024-07-23,182.3121795654297,183.92081154190842,182.04406918543015,182.55048643497662,23772600,182.6974404160005,181.44640099888858
2024-07-24,173.1468963623047,176.70178667242885,172.35251999389808,174.1597459293085,31250700,181.78786479183898,180.91094908685093
2024-07-25,167.97344970703125,173.97107613476282,167.86422068367688,173.02774283402505,28967900,180.47220621233348,180.07627170750774
2024-07-26,167.49681091308594,168.64867789487005,164.70156905677484,167.58619113625218,25150100,179.2364542790718,179.2646935917386
2024-07-29,169.9296417236328,170.95241574658428,168.5295282993661,169.30405590603303,13768900,178.3500911785538,178.66243218089306
2024-07-30,170.65451049804688,171.73686119528168,168.9267100520719,170.6247221413713,13681400,177.61717873279125,178.14579207232237
2024-07-31,171.93545532226562,174.6761053509935,170.51549314793866,173.69304412524224,15650200,177.0760622175031,177.74512518522195
2024-08-01,171.2403564453125,174.44769555513358,169.3139620385275,170.77365202091585,17177800,176.5202807153897,177.32546268587296
2024-08-02,167.21876525878906,169.0160818822765,165.22286970182924,167.01024677241284,18907800,175.63442210047535,176.67341769057722
2024-08-05,159.51319885253906,164.77602532120366,155.5015438795414,156.26613184716328,34907800,174.0990675054338,175.56630679780056
2024-08-06,159.4138946533203,161.21121123895858,157.02081097629605,159.81606774352016,36146500,172.70047961475632,174.52421569170508
2024-08-07,159.6224365234375,163.6340917139249,159.11601931787158,162.09497614257026,19334200,171.4549517012974,173.56281058407492
2024-08-08,162.6907501220703,164.3391097841213,160.893448687081,161.20524154603572,15733600,170.62026583660912,172.86138732846175
2024-08-09,164.22988891601562,164.35898189347273,159.80116644255187,160.51116266680796,13549200,170.01165851083832,172.30451646314268
2024-08-12,162.79998779296875,165.53069822153924,162.40279960951622,164.83064154800385,12435000,169.32483272818408,171.69132106506694
2024-08-13,164.76609802246094,165.37181986176296,163.61424620902872,164.0263285779783,12717600,168.8906675181152,171.24453248167302
2024-08-14,160.89346313476562,163.80291895872995,158.41099901782883,163.05817972364892,22515900,168.12902900541525,170.5767215560661
2024-08-15,162.02545166015625,162.37300266611516,160.3572431957707,161.07219400958084,18392500,167.5477359249144,170.02502672407192
2024-08-16,163.58444213867188,165.77893168131783,161.93608251769578,162.26376956175176,16853100,167.1702793738437,169.6095051379171
2024-08-19,167.21876525878906,167.28828152208612,164.92497099810572,165.82859151042263,13100800,167.17489707717183,169.4552638553927
2024-08-20,167.7748565673828,169.21468268212993,167.47695785183834,167.55639851943408,12622500,167.23203607623952,169.34685048197272
2024-08-21,166.45419311523438,167.45710318973877,165.4016307267575,165.8186828909601,15269600,167.15795579423903,169.16022742605412
2024-08-22,164.32920837402344,168.2316348885571,163.87242828684379,167.85429547531126,19123800,166.88855127802802,168.84854877753602
2024-08-23,166.2555694580078,166.77192620542763,164.49799587934635,165.38175244517151,14281600,166.82826729516896,168.68125978917936
2024-08-26,166.7520751953125,168.19191652876518,165.1533828227985,166.97550303029897,11990300,166.82101090470644,168.55679626699444
2024-08-27,165.21295166015625,167.06486013711225,164.99449361246715,166.43431972550306,13718200,166.66786240522546,168.34106435687585
2024-08-28,163.3461151123047,166.21584260759954,162.1346715874772,165.61012084518578,15208700,166.35150552018538,168.0188095669035
2024-08-29,162.2538299560547,166.45416966795656,160.84577719819973,164.89517510902817,17133800,165.9612507045539,167.64687539846167
2024-08-30,163.95184326171875,164.1206489854585,162.26377087256432,163.0680867364007,18498800,165.76987856714103,167.40848622834923
2024-09-03,157.49745178222656,162.2339974919042,156.747742781101,162.1694510015082,26533100,164.98202839714918,166.76906465118003
2024-09-04,156.70306396484375,159.27489317772043,156.33566412064957,156.96620455763988,17410700,164.19355559407248,166.11964525206156
2024-09-05,157.48751831054688,159.88557180823372,156.41509207096252,156.67326286591975,14139500,163.55488537659386,165.56273383648
2024-09-06,151.06288146972656,158.10314467905596,150.86924203398948,157.5768636023039,24999100,162.36517071879697,164.62725949023786
2024-09-09,148.68653869628906,153.75743804701148,147.35418998496183,152.7532077804208,28057700,161.0624438595105,163.59882589062826
2024-09-10,149.1538543701172,151.4307933310078,148.68952437572722,150.5856383998695,20401800,159.92829247956828,162.6668922441437
2024-09-11,151.28163146972656,151.60974988834388,147.85132461574966,150.22768361267248,18991500,159.10480095482146,161.9323592909555
2024-09-12,154.65231323242188,154.72192101884968,152.62396236256765,153.92648365297723,20980800,158.6807545050691,161.46267890008238
2024-09-13,157.4661102294922,158.36594379602647,155.21901447206577,155.4695751085742,16733900,158.5650740978713,161.20483576004432
2024-09-16,158.08262634277344,158.3311995563104,156.7104973491039,157.4263894178267,14157600,158.51912669262387,161.00340289441394
2024-09-17,159.365234375,160.66775539787224,158.5002045720824,159.17631633259208,12064800,158.5997083766597,160.89771460283885
2024-09-18,159.89222717285156,160.707554573871,158.7487964898365,159.9320073821086,16756500,158.72280540486847,160.8328444460655
2024-09-19,162.308349609375,164.04836187510787,161.59444512796404,163.87933393275532,17548200,159.06428580529766,160.92803832756934
2024-09-20,163.7003631591797,163.80973597215976,162.24868902069008,163.58105288018464,46362700,159.50581698185786,161.10689799412486
2024-09-23,162.1393280029297,165.65911770531974,162.02000255471572,164.39636164933788,15648400,159.75662755529328,161.1735063817897
2024-09-24,162.7060546875,163.61086467384348,161.105242854624,163.31257383341458,18774100,160.0375253774082,161.2723804660291
2024-09-25,162.0597686767578,163.27975559447742,161.8459842209852,162.03987857516688,13607900,160.23011997734625,161.32317970543096
2024-09-26,162.8949737548828,164.55544073199715,162.56685534550778,164.08812195243596,18234500,160.48391557520685,161.42458577313755
2024-09-27,164.3466339111328,166.01705353848837,162.89497506348715,162.97452030019005,13604300,160.85179351196172,161.6131050078469
2024-09-30,166.2357940673828,166.40482200082357,163.70034472236728,163.8395450894186,14070100,161.36455546962085,161.91134301168793
2024-10-01,167.4587860107422,169.4672616483176,164.95316398962757,167.89627725572925,18629500,161.94495837829908,162.26924256001402
2024-10-02,166.35511779785156,167.9161646998601,165.30116990891239,166.8025465016102,12745000,162.3649735611136,162.53284741406804
2024-10-03,166.2556915283203,166.95169339438607,164.42618140247245,164.87362526152447,11004300,162.73551812941898,162.77303090531012
2024-10-04,167.5979766845703,168.58233192878077,166.00711745240406,168.3735237842382,11422100,163.19860942038576,163.08431772977852
2024-10-07,163.4517822265625,168.9303297388488,163.1932715770751,168.1746727214758,14034700,163.2227211162121,163.10802511666782
2024-10-08,164.75430297851562,165.15202917511107,163.37223668521554,164.48583969227658,11723900,163.3685860554791,163.21423659162573
2024-10-09,162.12937927246094,165.31111315361008,160.20044883997255,163.91413300288912,19666400,163.25056636185832,163.14424579684092
2024-10-10,162.24867248535156,163.37322940274683,160.71746843138493,161.18478720542785,12900500,163.1551478974291,163.08646687351904
2024-10-11,163.58106994628906,164.32678961121525,161.57259406734363,162.39785898379995,10946000,163.19571190208242,163.11837674918164
2024-10-14,165.40060424804688,166.66334511094166,163.83955735552047,163.96882026735352,9981800,163.40570164931714,163.26561723297942
2024-10-15,165.9474639892578,168.1249676715351,165.10232420342928,166.18609972557047,14829300,163.64777425312099,163.43863960435223
2024-10-16,165.7883758544922,166.32528725506162,164.27307166520532,165.08242133811999,9968500,163.8516410722992,163.59023549145803
2024-10-17,163.57110595703125,166.97158557252453,163.4319055694393,166.42473666022318,15113400,163.82492344227367,163.58900132794665
2024-10-18,164.10801696777344,165.42047547286617,163.8097261165287,163.92903638834542,13091300,163.85188473041651,163.62248620793548
2024-10-21,164.85374450683594,165.2713456501546,163.36726649706551,163.6407061121802,11384000,163.94729994721837,163.70192222721937
2024-10-22,165.86793518066406,166.5142194436803,163.73019651894805,163.76002408975162,11958600,164.1302175884989,163.84166499840939
2024-10-23,163.541259765625,166.64346331999678,162.69909372365552,165.48012750479322,12754300,164.0741263672728,163.82228401564913
2024-10-24,163.59097290039062,164.10800934040395,161.84102325103302,163.65062803352635,12764400,164.02811175137927,163.80736071789053
2024-10-25,166.03695678710938,166.44460529639755,164.2869917844917,164.42123101967655,14566400,164.21943032621073,163.95120562558208
2024-10-28,167.3792266845703,169.6323003379864,164.84377730752618,169.61638522225002,20858300,164.52036331272117,164.17236827454906
2024-10-29,170.16323852539062,170.8791304261387,167.69739707375916,168.41825012085454,28916100,165.05777999964207,164.55887603266788
2024-10-30,175.1347198486328,182.74105312072933,174.74196997446353,181.3689394779745,49698300,166.01748855668882,165.2411885369237
2024-10-31,171.7044219970703,177.4017153581993,171.57515908118327,173.72283511957977,32801900,166.5591012652966,165.65817134080413
2024-11-01,171.66464233398438,172.82797823724772,169.33800087086522,170.56097674172983,21752900,167.0453432718383,166.04568559842866
2024-11-04,169.7058563232422,170.9387846282174,168.51768453705955,170.2626729321254,16194000,167.2987254672101,166.28182564519082
2024-11-05,170.4317169189453,171.1147924903057,169.3976440052616,169.85502532702608,12518300,167.5971056054706,166.5495605660782
2024-11-06,177.31222534179688,177.6204536623285,174.04099374585778,174.34923723809248,27061500,168.52235510416833,167.24392603547943
2024-11-07,181.23968505859375,181.53797592419244,177.86903317224707,178.08777879557252,16730400,169.73352938554217,168.14687823051906
2024-11-08,178.83351135253906,181.30930599347386,178.5451731036132,180.96129742973477,15021500,170.60019433477999,168.83633843193974
2024-11-11,180.9314727783203,181.04582191892692,178.96277716544327,179.0423224147733,12503400,171.58412561511716,169.61666968009334
2024-11-12,182.2737579345703,182.97472098653552,179.95705395915726,180.3448275327077,14065800,172.60218583601747,170.43325601909186
2024-11-13,179.45989990234375,181.57277194891768,179.0920012762999,181.11041429999662,13969700,173.2553014613819,171.015620140592
2024-11-14,176.3378448486328,179.41518246509798,175.02537099057562,178.72414164474856,17925800,173.54887702207245,171.35898947659467
2024-11-15,172.89756774902344,174.876215806893,171.75909828864272,174.63758008223877,21708900,173.48684756749634,171.45825259094494
2024-11-18,175.79095458984375,175.90032739507785,173.42453307934403,173.9564833216963,18662800,173.70628633152944,171.7377817521642
2024-11-19,178.5550994873047,179.14172858706556,174.11657202073613,174.23489613879943,15392900,174.16807806065088,172.17760870281845
2024-11-20,176.3179473876953,178.08778739151617,174.32936174999057,177.80938661597386,15729800,174.37282752036938,172.44472732764922
2024-11-21,168.2741241455078,174.57793705153708,164.3665454311983,174.45365044768775,38839400,173.7919986275254,172.17565615460785
2024-11-22,165.6193389892578,167.30465719256492,164.76424667759363,166.20596802924658,24497000,173.01365009054751,171.75266795039173
2024-11-25,168.46302795410156,169.4871635333507,166.4446147103621,167.03125901421268,21395700,172.5802575061241,171.5404331119214
2024-11-26,169.64622497558594,170.51623113606954,168.46301416985565,168.52268447937684,14937500,172.30082583654905,171.41822613538363
2024-11-27,169.84507751464844,170.16324327291247,168.70163186574825,169.70586197901204,12433400,172.0669450439871,171.31673267598137
2024-11-29,169.5169677734375,169.8947886824315,167.78689301476126,169.08941402343308,9250700,171.8240900658395,171.20061881130113
2024-12-02,171.99276733398438,172.60923919763246,169.29824229454286,169.3479599697619,16593400,171.8401545675676,171.2517251676033
2024-12-03,172.03253173828125,173.325115316705,171.52543273802027,172.13195190788124,15721500,171.85847620287365,171.30209978506642
2024-12-04,175.08499145507812,175.42304731942212,171.7640576005651,171.79388516673063,18239800,172.16576336975027,171.54615731216396
2024-12-05,173.31517028808594,176.69577480865672,173.01687942278502,176.30800123527666,16145500,172.27523069530602,171.66028718157827
2024-12-06,175.48272705078125,175.82973423795733,172.5595040359012,172.8876224530513,13319500,172.5807065386846,171.90689620539783
2024-12-09,176.2890167236328,177.22469944777424,174.59678933759568,174.91034929664272,19887800,172.9338789372511,172.18961365818717
2024-12-10,185.6758270263672,187.16895811714198,181.83350241188347,183.68996753608948,34317400,174.14739780288122,173.05969194000525
2024-12-11,195.80923461914062,195.9884030746277,185.40707498220937,185.84506256973273,41664500,176.2104298806202,174.52740437091722
2024-12-12,192.74334716796875,195.80426329351545,192.39494378925866,195.40111905784875,25197800,177.78499343179627,175.70262648685605
2024-12-13,190.5036163330078,193.45005306683728,190.3841555218587,191.8275276721291,18883200,178.99629085095927,176.65752905757552
2024-12-16,197.25259399414062,199.721233383074,193.22113662191728,193.47497379231675,32248600,180.7349863884051,177.9862429244507
2024-12-17,196.21734619140625,201.95097980668515,195.7893225316381,197.6208931858894,24129500,182.2094968458338,179.16244313522202
2024-12-18,189.27926635742188,197.78016882365546,188.4132550884158,195.92868545656498,27638400,182.88280822788983,179.81514140762204
2024-12-19,188.83131408691406,193.70888489721114,188.65214564178714,192.39492221061928,26981200,183.44933259541597,180.3968299675764
2024-12-20,192.07640075683594,193.24600802442544,185.51656626059741,186.1536349534511,45319700,184.27095813459883,181.15035066365766
2024-12-23,195.09251403808594,195.5902244023139,190.7524790544615,193.14148272718975,15235900,185.3015825063595,182.0498450749111
2024-12-24,196.66529846191406,196.76483143044473,194.3041510448483,195.27170020223775,6809800,186.38384116879325,182.99277755149194
2024-12-26,196.1974334716797,197.25257702339078,194.97305502831827,195.83908139855941,7907900,187.3184690071634,183.84469083666536
2024-12-27,193.1514434814453,195.89881458378935,191.09292009158196,195.57032390029536,14693000,187.87399038566645,184.44512649116731
2024-12-30,191.80764770507812,192.89265279578865,189.48831528149262,189.99100767562084,12209500,188.2486244160866,184.92012785980674
2024-12-31,189.56793212890625,192.3650620367038,188.71186966700776,191.56375561488875,14355200,188.37427276968847,185.21998619974866
2025-01-02,189.75706481933594,192.31528828077222,187.84585877797048,190.60814531839284,17545200,188.50596725060728,185.51270094939946
2025-01-03,192.24562072753906,193.6093423401244,190.47377294848562,191.84247652544025,12875000,188.8621247246008,185.94708287056977
2025-01-06,197.0535125732422,198.64617677482565,194.16678307657583,194.2563673052009,19483300,189.64225690066186,186.6636267223551
2025-01-07,195.80923461914062,201.21436233782782,195.04275634097473,197.3620886556935,16966800,190.22958811194556,187.25366594150256
2025-01-08,194.49526977539062,196.7349665785107,192.86278026867308,193.0618613911672,14335300,190.63584350846412,187.7208661888502
2025-01-10,192.28543090820312,196.7150503565844,190.72262817648917,194.52512767087055,20753800,190.792947070344,188.0153542352601
2025-01-13,191.40943908691406,191.60853537738726,187.7960722863248,190.4737563906964,13169100,190.85166059573163,188.23432745149586
2025-01-14,190.17514038085938,192.3849756964784,188.7715934554687,191.618497453767,13651200,190.78723009907714,188.35954118887418
2025-01-15,196.07798767089844,196.8942400289836,192.44470777569708,193.4600412587808,12894900,191.29111177258395,188.85750547803707
2025-01-16,193.51976013183594,196.07798367318762,193.41026323698176,194.9282738716767,13449600,191.50336399727462,189.1582961008628
2025-01-17,196.6453857421875,197.89961050554967,194.4156376406273,197.14309615146212,22109100,191.99308035393298,189.6413341422386
2025-01-21,198.71585083007812,202.90656371652176,198.526718455784,199.59181076887646,19005200,192.63334420880395,190.22678683177665
2025-01-22,199.114013671875,201.19443941769566,198.28781261730893,199.63163672065812,15477400,193.2505508243345,190.8001563053314
2025-01-23,198.6660614013672,201.01525481684905,195.91870578892133,199.0642235983312,15170800,193.76631373643283,191.30763405346275
2025-01-24,200.9754638671875,201.64240920402193,198.86915601840184,198.93486327249306,12732400,194.45289946317138,191.93136500918695
2025-01-27,192.8826904296875,197.7602462174967,191.81758289537285,193.30076533816407,24970200,194.30335574569673,191.99274084276763
2025-01-28,196.16758728027344,196.32684306707887,191.7280037627585,193.7586555420029,15939200,194.4809016061326,192.26208577421963
2025-01-29,196.27706909179688,197.55122170932418,194.29619139003805,196.4662014769513,12287800,194.65196517619586,192.5211169559988
2025-01-30,201.7021026611328,202.30732015197103,198.55855933040075,198.8452349044127,14571500,195.32340684142795,193.11343861439454
2025-01-31,204.65850830078125,206.1317267292728,202.64775417193695,202.78213050256764,17060300,196.2124641232711,193.85828181996789
2025-02-03,201.71206665039062,204.28025409053734,200.73655853695863,201.2890097802712,16719500,196.73623579252057,194.36497761547903
2025-02-04,206.75885009765625,207.74430691654345,203.32463636845785,203.56354281581105,28285400,197.69077048824778,195.16458229174856
2025-02-05,192.4148406982422,193.6591166789746,189.04036484605254,192.21575957910818,43666400,197.18830098443772,194.98717960829654
2025-02-06,192.42477416992188,192.9423971897316,189.6176956783565,190.1154060311581,20816600,196.73463176400764,194.8218631284014
2025-02-07,186.2830352783203,192.13113208194073,184.25238366707939,191.85739745606065,29565700,195.73924162251362,194.27097100904132
2025-02-10,187.33819580078125,189.12000757926853,186.75090116070803,188.19425831588927,16606000,194.93914202044388,193.82369518915357
2025-02-11,186.21337890625,187.93545266102404,185.22790683269457,185.979454407478,13028100,194.10811696194924,193.33270704186947
2025-02-12,184.5808868408203,185.97448518883658,182.7891414045265,184.38180570222292,17632300,193.2007617123179,192.76807348051148
2025-02-13,187.0196533203125,187.12915020916878,184.03339110304842,185.07857072795878,12729300,192.6120847226031,192.39720766372446
2025-02-14,186.01426696777344,187.28840428715017,185.25775268092943,185.97445682169322,12714200,191.98372112690504,191.98540503817924
2025-02-18,184.94918823242188,186.92011716943594,182.7393528346816,186.58167774176087,19796000,191.31376561314474,191.53145556684007
2025-02-19,186.2730712890625,186.50201378590523,184.6505307674193,185.33239148315366,13120500,190.83369948704168,191.19220496827378
2025-02-20,185.78533935546875,186.26313709133268,183.75468758635992,185.64598104963693,12063800,190.35290328403474,190.84337492873797
2025-02-21,180.7484893798828,186.6115165931875,180.30055311046914,186.43233297207348,19520800,189.43819719792504,190.19209199010217
2025-02-24,180.3602752685547,184.24240984131112,180.05169728827332,182.95832384844988,18734000,188.57363320465168,189.5577812338733
2025-02-25,176.55776977539062,179.93224543786565,175.96052645156584,179.33002014994497,20832500,187.4292652590078,188.719070817197
2025-02-26,173.89999389648438,177.26452073540196,172.79507630783428,176.1347237047255,23637200,186.14076322448176,187.76300133844137
2025-02-27,169.43057250976562,175.78134656514663,168.97466202962403,175.13432915333055,25930500,184.5493164897469,186.58026399465584
2025-02-28,171.4313507080078,171.7100672832675,167.61888768130962,169.52014482526374,30049800,183.29998641529554,185.60291475035598
2025-03-03,167.88766479492188,174.19862860889896,166.8723313924195,172.93444002266958,24122000,181.8321462609742,184.4599953983925
2025-03-04,171.819580078125,174.36287286013714,166.77278947294587,167.1709668951315,30711400,180.87856852927428,183.6444847325688
2025-03-05,174.18869018554688,174.94520452087065,170.14726900378645,171.53091848861095,18848000,180.24143725844309,183.0344334714706
2025-03-06,173.41226196289062,175.92071140977126,171.71804472611552,171.75985981135477,19082400,179.5910396112476,182.41364821285256
2025-03-07,174.94520568847656,176.0899335334891,171.46123288671458,172.4486946952218,16395300,179.14857923765035,181.93181321127992
2025-03-10,167.2318572998047,169.862761343809,164.99459665658725,169.5737671447147,28990700,178.01365333880793,180.98342895892668
2025-03-11,165.4081573486328,168.07394441383764,162.67760699625669,166.10574265010774,23705900,176.81312991117218,179.97857272600453
2025-03-12,168.41775512695312,168.94592793540997,164.9098780997037,167.88958231849628,19880100,176.01357040791322,179.23271352606574
2025-03-13,164.1624755859375,167.54079590690662,163.50476094405604,167.40127883666267,15206200,174.8848947105822,178.2604401105736
2025-03-14,167.0425262451172,167.6703606934966,163.94323992063195,164.74547451647462,18611100,174.138002475776,177.53670373215706
2025-03-17,165.9961395263672,167.87962748094336,165.23874815007622,166.74852805647282,17839100,173.36258695678467,176.79215120275128
2025-03-18,162.10955810546875,165.86657374168732,158.25289611875118,165.3882317231237,24616800,172.290869923326,175.84488713195887
2025-03-19,165.70712280273438,167.55373559369966,162.48825521429978,163.3502653420542,24955700,171.66384638803154,175.190837820396
2025-03-20,164.4813690185547,166.45454321967475,162.57794574460488,163.26058333399368,19981500,170.97980092427184,174.49990434930947
2025-03-21,165.67724609375,165.89648938026642,162.46833821606813,162.81713850085896,29882100,170.47479570231738,173.9307005908863
2025-03-24,169.34454345703125,169.9125869705219,166.86313183090812,168.6818412308444,18742800,170.36715263133775,173.6348194854763
2025-03-25,172.1947021484375,172.3142990681028,169.96242906428452,170.59024826609257,13841600,170.54120496629963,173.54190868953833
2025-03-26,166.56417846679688,171.34764482956913,166.28613272719656,170.70985032828085,22498000,170.16244053777555,173.09173254613566
2025-03-27,163.51470947265625,166.86313412830248,163.28550613191504,166.1356533995557,21571200,169.52932329347846,172.47386008978216
2025-03-28,155.5223388671875,163.24563852806418,154.8038297940633,161.8006371166279,34866500,168.19532477668884,171.3802135592922
2025-03-31,155.69175720214844,156.58866567500607,151.68561772453222,154.27665116494103,33591600,167.0045088172088,170.36805508463777
2025-04-01,158.33262634277344,159.52848902265336,154.72011531021212,154.76495845000798,20111400,166.17861524821495,169.59157581096912
2025-04-02,158.31271362304688,159.7228321300682,155.9907388578214,156.41926537638946,17113300,165.4294817601037,168.86390728271607
2025-04-03,152.1041717529297,154.1540766873175,151.65570990506598,152.30846732210267,28416100,164.1604046165633,167.78263402272987
2025-04-04,147.23101806640625,152.56257735588719,147.0316949327119,149.38356497183597,39832200,162.54808208797692,166.45672331587028
2025-04-07,148.72586059570312,154.3962452738384,142.16852744758998,142.89600827587503,47823000,161.2316800410937,165.31279668876272
2025-04-08,146.0749969482422,153.90791788443934,144.70972180796127,153.04589255222663,35304400,159.78818641320308,164.07164831840657
2025-04-09,160.50511169433594,161.31231863948028,145.3076511799823,145.82586392739347,46479500,159.85646501140621,163.84154918136977
2025-04-10,154.83473205566406,159.47868160240188,151.6756548043879,158.2130526044237,35270500,159.37820472990694,163.26046420551782
2025-04-11,158.850830078125,159.30925197986465,155.04898626444395,155.04898626444395,22582000,159.3279785725944,162.9759716811699
2025-04-14,160.91371154785156,163.4648895102751,159.36904850156884,161.75081396560552,18255900,159.47900076071411,162.84292264031066
2025-04-15,158.13330078125,161.49170063641694,157.10187816944182,161.01335861309875,15690800,159.350838857908,162.53907606875836
2025-04-16,154.9642791748047,157.6350388738156,153.37976061279954,154.93438374580234,16921500,158.93307126904102,162.05037949495488
2025-04-17,152.83163452148438,156.52885927311058,150.3801031866001,156.07043740501342,19513400,158.351982054988,161.455621754731
2025-04-21,149.34368896484375,150.53955157172447,147.88871240222318,150.44487765808387,16147800,157.49404937973617,160.6742067360286
2025-04-22,153.36978149414062,154.07734211066946,150.3502215907085,150.54954472069625,15910300,157.10126196206042,160.20295349461648
2025-04-23,157.17660522460938,159.46868402808127,155.81133018005428,157.36595304665784,18575700,157.1084375108746,160.00770521913216
2025-04-24,160.91371154785156,161.15289018416132,157.54535131603478,157.97885023929237,30787500,157.47084456201526,160.06615724033986
2025-04-25,163.28549194335938,167.66036642164852,162.43841437486833,166.52429468396258,35148100,158.02462050309566,160.2738562534379
2025-04-28,161.8604278564453,164.38171026938633,159.82746276692305,163.69408502836254,20871200,158.38993548912896,160.37621571169646
2025-04-29,161.5016632080078,162.11952229794406,158.84086380320036,161.4867154947422,15955200,158.68629050997455,160.44882522758752
2025-04-30,160.335693359375,160.8180194116606,156.61356075430186,159.30924318183526,20639500,158.84337649563173,160.44152639738027
2025-05-01,162.22914123535156,163.37518832280907,160.37554879011944,161.96008240104115,21904300,159.16583028036695,160.55685638692682
2025-05-02,165.23875427246094,166.12568746475407,163.09616746599934,164.38670414878305,16844900,159.7442039938997,160.8589143150258
2025-05-05,165.47792053222656,166.52430606889658,163.90336219055314,163.94820532989658,15309300,160.29027223564512,161.15691471613553
2025-05-06,164.63084411621094,166.16554696960202,162.56798366015224,163.3951259397453,10691900,160.70366003379425,161.38103919355976
2025-05-07,152.27357482910156,166.41468972066798,148.97498090988586,165.49786113936176,78729800,159.9007947762045,160.7934608474657
2025-05-08,155.21339416503906,156.86767861269485,153.56908499633963,155.3828066389,38387500,159.45437567037922,160.43345654537367
2025-05-09,153.84812927246094,155.89105437289106,153.30002111123036,155.01409652114108,22871000,158.92044744200604,160.0085967213148
2025-05-12,159.0302276611328,159.88726545586675,157.34604750120752,158.5518855822317,31884900,158.93090270097048,159.94547613678694
2025-05-13,160.335693359375,161.50166059387493,157.03709956492992,159.3690340339298,24944300,159.06469228748517,159.97065144147004
2025-05-14,166.2353057861328,167.76003343226498,160.3755586245459,160.75425431916318,31769200,159.74760785878496,160.3748226895128
2025-05-15,164.83016967773438,166.93290106502837,163.27554651105646,166.56418062853237,22717600,160.23166136535158,160.6622644306884
2025-05-16,166.85316467285156,170.0620723801173,166.37482262141023,168.34799688904792,36271400,160.86228072797064,161.06167734953763
2025-05-19,167.29164123535156,167.3713674402021,164.8450974961549,165.14406696278974,21374700,161.47460077629262,161.4636105034611
2025-05-20,164.75045776367188,169.09542238192347,163.69409683237404,167.18203886374593,33563300,161.78658715604303,161.67566516541018
2025-05-21,169.47410583496094,173.9287069806468,164.32191937471765,164.38171022936268,45567600,162.51873179213044,162.17879036989734
2025-05-22,171.38748168945312,177.51630252719323,171.28783533815982,172.75277203751796,45024100,163.3633746394945,162.77289948728804
2025-05-23,169.0057373046875,170.61517889922294,168.6768723717691,169.69336260022413,24963600,163.90074251237004,163.17501805615254
2025-05-27,173.38059997558594,173.68952953082126,170.6201541260049,170.70984040857914,24341300,164.80358608029536,163.833442696116
2025-05-28,172.78268432617188,175.87199522970104,172.41893633259377,173.38060811094195,25999200,165.56350019895027,164.41081312386157
2025-05-29,172.36412048339844,174.79570135988587,171.18817794228764,174.39708553258473,21174700,166.21117832127865,164.92392972770267
2025-05-30,172.25450134277344,172.84246501872812,167.9443897158325,171.8160148026651,36258300,166.78673289475435,165.3968698319008
2025-06-02,169.7830352783203,170.47265253347098,168.06895981724793,168.4277201511054,24742900,167.07209502652253,165.67984824779884
2025-06-03,167.13221740722656,169.2150133546419,166.105751941516,168.28323702059924,25386700,167.07782096754198,165.77354948389095
2025-06-04,168.80642700195312,168.99577485820797,167.2169207849344,167.70025049992472,18508700,167.2424501136764,165.9692190011853
2025-06-05,169.2249755859375,171.76619347877022,168.76656887329105,171.02873742014836,25375400,167.43126206341555,166.1792678131048
2025-06-06,174.31736755371094,175.22423609077742,171.70639878734616,171.70639878734616,22258100,168.08708163391987,166.70430650604712
2025-06-09,177.23081970214844,177.51516765540885,175.26524563491927,175.47476517942692,18817600,168.957913830894,167.38343638966654
2025-06-10,179.60545349121094,182.0349940426737,176.07840935677868,177.3605099731449,32908000,169.97196522711468,168.17195362202426
2025-06-11,178.38818359375,181.34153803717805,177.5999657255444,180.82270241377242,18994400,170.7735098334609,168.83106523310335
2025-06-12,176.57228088378906,177.72967756706512,175.71421302887705,177.08112923486027,17345900,171.32577374301596,169.33049850088952
2025-06-13,175.4847412109375,177.94220343377233,173.17993502198036,173.18990706767596,20873200,171.721865882818,169.72754641766682
2025-06-16,177.5401153564453,177.8444226178713,175.4248845342781,175.5096849868568,18132500,172.2759848803063,170.23158312339447
2025-06-17,176.83169555664062,178.31335883126377,175.5446013539514,176.6022167130365,17656100,172.70986208757625,170.6573968287652
2025-06-18,173.58900451660156,177.42437514186435,172.45156708667707,176.88159135832956,32531800,172.7935899379596,170.84653280862562
2025-06-20,167.35304260253906,174.9708935959476,165.89633230381628,174.47201728620755,55402600,172.27544257268147,170.62114634371682
2025-06-23,165.6369171142578,168.10136745461892,162.96294723657724,166.9439859151216,36975600,171.64320205283158,170.2995831676227
2025-06-24,167.363037109375,168.86963814911823,166.53490057245736,167.30815279619202,27310300,171.2355672963119,170.11012858321962
2025-06-25,171.1046142578125,172.97040691593398,168.18219577676192,168.27098504810928,23627400,171.2230955783596,170.1742889493224
2025-06-26,174.03797912597656,174.25748591646064,170.47601025220604,172.9953294834255,25909100,171.4911797257517,170.4235592833001
2025-06-27,177.86936950683594,178.43808060164764,172.32186719851077,174.23755046310885,74053100,172.09862637156925,170.90393413643145
2025-06-30,176.99134826660156,181.17193445464187,175.10559630004255,180.3787228966327,43964600,172.56459988538185,171.2966705319263
2025-07-01,176.51243591308594,176.82173681784994,174.26749231134937,176.40766091669954,25778500,172.9405842689727,171.6331715242592
2025-07-02,179.3560028076172,179.53061255840478,175.6942525739284,176.14823183617747,19325900,173.55157651074836,172.1314187038307
2025-07-03,180.1442413330078,180.36374813071492,177.78954450492,179.41588617215984,13287400,174.17944935096355,172.6483750024873
2025-07-07,177.1609649658203,179.9347162223865,176.2430343191759,179.73017509426768,20991400,174.46340321904515,172.93950983883138
2025-07-08,174.766357421875,178.3881891803029,173.52913865793022,178.37821713464507,24108600,174.49225600026705,173.05737097322128
2025-07-09,177.2607421875,179.874849298989,173.48923833027638,175.71422251124224,31288000,174.7559213514321,173.3285562128522
2025-07-10,178.2983856201172,179.1863848203811,175.34504646565358,176.27294907092534,24693700,175.0932989008307,173.64919036815962
2025-07-11,180.9025421142578,182.19962368717702,177.14201493702254,177.51018897692893,23975700,175.64656015925232,174.11714854532727
2025-07-14,182.399169921875,184.314853292282,180.3048879643518,181.66084266240972,20990400,176.28966585093065,174.65147250510455
2025-07-15,182.6885223388672,184.9933286005737,181.98011123519012,183.52663093866997,23911600,176.89908075454363,175.16999184921826
2025-07-16,183.3570098876953,184.918495230525,182.66855811901667,183.9057768934897,21152600,177.5141216243676,175.6981865613781
2025-07-17,184.284912109375,184.77081716458488,181.09210666215927,182.70348267884268,21654400,178.1589588134159,176.25216885479725
2025-07-18,185.52212524414062,186.93893214253,184.31483787096195,186.20058972034252,21033400,178.8602127591992,176.85023055733555
2025-07-21,190.7204132080078,190.83016660863174,186.6296364723373,186.67952714980223,24665000,179.98975565908572,177.74508105092733
2025-07-22,191.6782684326172,192.92545928566776,188.07138700477574,191.9875693282541,26212900,181.10294735180298,178.64399636587507
2025-07-23,191.07960510253906,192.92545360045878,189.75259224705852,191.9277009474205,34068100,182.05310523282546,179.4462937037244
2025-07-24,192.76580810546875,198.52284513405064,191.51861729833644,197.66477724976374,45252100,183.07336264926766,180.30561721351435
2025-07-25,193.6438446044922,194.83615115662784,191.69822989683496,192.49641987213175,31101800,184.0800752164319,181.1661480129323
2025-07-28,192.9853057861328,194.38216855881177,191.42382053347023,193.97308633952386,25553500,184.92819241354627,181.9286743208807
2025-07-29,195.98854064941406,196.2180347146009,192.55628441099617,192.8655852885559,31891600,185.98155891220034,182.83576247110867
2025-07-30,196.9962921142578,198.03394820551867,195.12051219888494,195.8588546649248,21150500,187.03058112192008,183.7493450287312
2025-07-31,192.42657470703125,196.38765390471343,191.64832886600274,196.15817506043504,27852000,187.54448527288304,184.30916629829895
2025-08-01,189.52310180664062,191.1873523993308,188.2759110666331,189.35348569293916,21236700,187.73292494276473,184.645549234321
2025-08-04,195.31008911132812,195.63934932604175,190.49094179060694,190.74537359845334,23386000,188.45455962548505,185.33358406509566
2025-08-05,194.8810577392578,198.25345139263305,194.23750300779153,195.1055429540734,19010200,189.06660706489197,185.94955010859002
2025-08-06,196.4774627685547,196.9364357161351,194.02997243608303,194.81121756180326,15383700,189.77240284619316,186.62877028020065
2025-08-07,196.83665466308594,197.9242014700252,194.78128650332968,197.26569624785446,14660600,190.44518873351626,187.28734346619325
2025-08-08,201.6358184814453,202.97280330627038,197.4552326680851,197.5350547027085,24379900,191.5109629952238,188.2130515316934
2025-08-11,201.17686462402344,201.7056722919867,199.350975511727,201.1020209983049,16690200,192.43152505510946,189.04942656990826
2025-08-12,203.70118713378906,204.66900843391733,200.94738004290974,201.6408254507789,19854000,193.5048262054599,189.99470144499733
2025-08-13,202.57371520996094,204.96831543167775,198.19358177412687,204.51932979316797,19573000,194.36852992017427,190.8062507201563
2025-08-14,203.36195373535156,204.9583488508943,201.87030316137432,202.10477564460837,17777100,195.22504647400066,191.61629607597536
2025-08-15,204.44949340820312,206.86405292627092,201.63084529622404,204.25991797412192,21111400,196.103565229639,192.44424429095778
2025-08-18,203.83090209960938,205.67675077238903,202.95289003441846,204.60916324924253,13000200,196.8395020743981,193.17886737538694
2025-08-19,202.03494262695312,203.83088524444656,200.47843568089604,203.4467559492211,13476600,197.3343059365462,193.75022706903638
2025-08-20,199.74009704589844,201.71564294702242,197.0162366887203,201.22673868824825,13971700,197.56342889934166,194.13667029335005
2025-08-21,200.16912841796875,202.9029761139909,199.9496216206861,200.2689097710961,11768900,197.81159075825852,194.52586114009964
2025-08-22,206.2554473876953,208.75980128132454,201.67576597037197,203.50165530936007,25723700,198.61576758010963,195.28260863994453
2025-08-25,208.68995666503906,210.61561205240125,205.48716382566994,206.53480719693073,22788800,199.57521415962674,196.14759883511192
2025-08-26,207.482666015625,207.9915296242752,205.98603700100233,207.90172031277964,23051000,200.32830481257895,196.87889349191923
2025-08-27,207.74208068847656,209.0990248670544,205.92616360375612,205.9960135952439,15249000,201.0343787055216,197.5797442787939
2025-08-28,211.89273071289062,212.4215384126683,207.13346141489166,207.3729123132075,20915700,202.06850746812816,198.50316275841305
2025-08-29,213.05010986328125,214.85603961982682,210.49586566234413,210.79519448500002,24682200,203.11437436290467,199.4416754748562
2025-09-02,211.51358032226562,211.89172636742532,206.49488593452472,208.5203225057444,28900100,203.9142987399867,200.2205080456568
2025-09-03,230.58065795898438,231.27908181286634,224.61408577632568,225.971030074367,72250300,206.45395199893883,202.17922739490373
2025-09-04,232.13714599609375,232.24689940167661,226.25039595269104,229.6377706197962,32196000,208.89997047485835,204.111996336916
2025-09-05,234.64149475097656,235.59934401774802,231.85777148652727,232.13714101756528,26127700,211.35154421544104,206.08164139588766
2025-09-08,233.84259033203125,238.07683308861866,233.41316529056112,235.4703704393718,23128800,213.49354860749725,207.87267035950984
2025-09-09,239.61474609375,240.26385887562813,233.06364109506634,233.87254064230376,22854800,215.9812817014261,209.9205462133318
2025-09-10,239.23526000976562,241.7518482694581,237.78722861695667,238.9256826709429,19990100,218.19594630222034,211.81181807116624
2025-09-11,240.45361328125,242.24119540855662,236.2593095720754,239.81448143259584,21308600,220.31572410974695,213.65967582665553
2025-09-12,241.0528106689453,242.09439613538615,238.17670967591036,240.47359503906435,14536600,222.2906847344325,215.42697484873875
2025-09-15,251.41873168945312,252.40739522173703,244.64792325626271,244.80771003204495,29935200,225.06478444443445,217.74902367717195
2025-09-16,251.0791778564453,252.886721815731,249.37648729442694,251.9879479343738,24493500,227.5423457217688,219.89935620486702
2025-09-17,249.51132202148438,251.60846622440926,246.24575040208808,251.11914019611262,20491300,229.63462917888458,221.80980561239073
2025-09-18,251.98794555664062,253.7954894988705,249.77095374956744,251.51858146535278,21166400,231.76351645295657,223.75678238298752
2025-09-19,254.89401245117188,256.3520400389092,251.7262999738622,253.05649509989235,41616800,233.966420833739,225.76563593577362
2025-09-22,252.53721618652344,255.96255937363452,250.4700148378594,254.4346345672764,20079000,235.73506801019465,227.49283466162845
2025-09-23,251.99794006347656,254.42465403168023,250.74963448508717,253.31115997003903,17521100,237.28391296765005,229.07380920368317
2025-09-24,247.4940643310547,252.61711541084662,246.88489058620982,251.8082005786909,16958500,238.25630833559336,230.26221276028778
2025-09-25,246.2357635498047,246.9797487713338,241.3224195620241,244.5080977205706,17379800,239.01625645123252,231.2927644241276
2025-09-26,246.8449249267578,249.78094201324313,246.30566363488114,247.44911578332088,16594600,239.76184392509208,232.29612961784568
2025-09-29,244.0287628173828,251.30687809276412,242.8703315773225,247.93844920495468,23157200,240.16821715292932,233.05307369523518
2025-09-30,243.2198486328125,243.3446791838211,239.24623863215143,242.73050738714113,22541200,240.45884872244199,233.70899465894985
2025-10-01,245.2071533203125,246.81497150595618,238.87575111870152,240.8530628773219,23967700,240.91106820795346,234.45081134677972
2025-10-02,246.095947265625,247.29931566997493,242.7754574796697,245.30702484602278,20657500,241.40486621344598,235.20211043831813
2025-10-03,246.1159210205078,246.78301477995933,242.14132038642188,244.89757357559975,19941400,241.85353809983283,235.9062272500723
2025-10-06,251.16905212402344,251.85811921064592,245.35694953418547,245.44682387467418,18309000,242.7407299116605,236.89092562903693
2025-10-07,246.7949981689453,251.20900463703433,246.4754246431322,248.5925459182787,13811200,243.12685069806858,237.52989805096652
2025-10-08,245.1272735595703,246.9248213802435,244.75776475092104,245.86626070065884,14136500,243.31736716106874,238.02005130958614
2025-10-09,241.88168334960938,245.2221350767108,239.35509882598436,244.72781094114117,19375700,243.18063536950118,238.26918886055537
2025-10-10,237.16807556152344,244.5081031151831,236.3641588566611,241.83174330747613,22449100,242.60801062588425,238.1981492928759
2025-10-13,244.30838012695312,244.6579117832554,240.42365378640827,240.70327301620802,12465000,242.769950578367,238.59235773378416
2025-10-14,245.85629272460938,247.68879685496785,240.85107781843712,241.427306790227,17705400,243.0638879256282,239.0609987009342
2025-10-15,251.36880493164062,252.41736942916336,246.4554607554471,247.74871874685488,16048100,243.85483240239128,239.8550507158185
2025-10-16,251.53857421875,257.23082941743115,250.33020770413574,252.122772700916,18946000,244.58661733728258,240.60882642568507
2025-10-17,253.4459686279297,254.53450266096655,248.25302052802706,251.00928896640758,17653800,245.430365079249,241.43702914841055
2025-10-20,256.6716003417969,257.5304504658622,254.25489770036705,254.88403337816922,13726800,246.50095891377737,242.4199047092742
2025-10-21,250.99929809570312,255.03383029849985,244.33834129177995,254.90400164086319,27836400,246.92937216919887,242.97341396001156
2025-10-22,252.18768310546875,256.8313737278801,250.1115065245809,254.66431708821446,19650200,247.43016368693887,243.56788293713785
2025-10-23,253.3860626220703,255.51318026566653,252.4253762515009,253.35610450636662,13241300,247.99739215695138,244.20131388455286
2025-10-24,260.1568603515625,262.15414913586386,255.75283492503297,256.95118990988885,18406000,249.15543674691435,245.23070397919864
2025-10-27,269.5640869140625,270.43290270240664,264.5808609008827,265.0002744998441,22987700,251.09911771521416,246.80059965241568
2025-10-28,268.0661315917969,271.0121450108063,266.80786026547077,269.83375183368696,20101200,252.7150237986982,248.17256945495643
2025-10-29,274.7969970703125,275.595900411786,268.0661129897522,268.24586167015235,26287900,254.81806887218528,249.8902744623988
2025-10-30,281.5178527832031,291.53425498576104,280.06983667597433,291.3245481932234,48570000,257.3609054351394,251.93076338632167
2025-10-31,281.43798828125,285.8969321261184,277.14681597378535,282.82109013084,29932800,259.65396094429275,253.83445531502673
2025-11-03,283.73486328125,285.552403539531,279.98994650105004,282.03718595995247,19691800,261.94738021447915,255.76351389349276
2025-11-04,277.6830749511719,281.4519764379777,276.4896875121595,276.6894285938104,18123700,263.4460178084499,257.1776791230204
2025-11-05,284.364013671875,286.31138258460743,277.5033310189176,279.00129772833924,20063200,265.43820789068087,258.9316361906885
2025-11-06,284.9532165527344,288.41851416951283,281.2382578122001,285.34767015683235,23103800,267.2967801442098,260.61044782694955
2025-11-07,279.32086181640625,284.114342933768,275.3662078945626,283.8247275130803,21991100,268.44193077965707,261.81757131014035
2025-11-10,290.19610595703125,291.0649218088883,283.15567431675817,284.87834220037746,19508200,270.51375698702606,263.6484445131656
2025-11-11,291.3445129394531,291.9437056858744,287.4897601121121,287.8093336403647,14156700,272.49763850630484,265.43528763744223
2025-11-12,287.04034423828125,291.9636536729535,283.9944910972563,291.6890325661738,16998800,273.8826580998264,266.8291622568512
2025-11-13,278.74163818359375,283.1257020133516,277.62316125903163,282.6013892882789,18060200,274.3454181078043,267.5977090908346
2025-11-14,276.60455322265625,278.77159463198814,271.04209627178807,271.5264242058176,18330500,274.5605738330283,268.17879580901666
2025-11-17,285.2128601074219,294.12075150639083,283.8447220914702,286.01176347439497,34286100,275.5750772877324,269.2777676992364
2025-11-18,284.5736999511719,289.0426397405046,278.6317840514575,288.09391536915274,29702200,276.43208896996475,270.26460203807096
2025-11-19,292.59283447265625,303.8375809941279,287.28006903674975,287.2950328562193,43123600,277.9712075892687,271.70513316288293
2025-11-20,289.5869445800781,306.47402681961586,288.7780449689889,304.3269167525351,34801400,279.07746825506007,272.85879841560524
2025-11-21,299.2438049316406,303.5479600958327,293.9609672298312,296.46757456498995,43670600,280.99807174806773,274.5610569005108
2025-11-24,318.0382995605469,319.3664832709761,308.9805870747885,310.5884204886871,55311800,284.52571249211337,277.3660402979325
2025-11-25,323.2012939453125,328.2244741468647,317.385183737123,326.3569834859101,50899300,288.20910120194185,280.32315343647315
2025-11-26,319.8458557128906,324.54946272266824,316.77004409635146,320.3451779573829,29839600,291.2221254410798,282.873005196242
2025-11-28,319.68603515625,326.4368809408099,316.5103533311448,322.99154562739795,19695800,293.93297398538175,285.2480393872102
